t,eps_f,eps_g
1000,0.166667,0.0166667
