t,eps_f,eps_g
1000,0.666667,0.0833333
